USE [master]
GO
/****** Object:  Database [CPUMarket]    Script Date: 17/10/2024 10:54:27 ******/
CREATE DATABASE [CPUMarket]
 CONTAINMENT = NONE
 ON  PRIMARY
( NAME = N'CPUMarket', FILENAME = N'C:\Program Files\Microsoft SQL Server\MSSQL16.SQLEXPRESS\MSSQL\DATA\CPUMarket.mdf' , SIZE = 8192KB , MAXSIZE = UNLIMITED, FILEGROWTH = 65536KB )
 LOG ON
( NAME = N'CPUMarket_log', FILENAME = N'C:\Program Files\Microsoft SQL Server\MSSQL16.SQLEXPRESS\MSSQL\DATA\CPUMarket_log.ldf' , SIZE = 8192KB , MAXSIZE = 2048GB , FILEGROWTH = 65536KB )
 WITH CATALOG_COLLATION = DATABASE_DEFAULT, LEDGER = OFF
GO
ALTER DATABASE [CPUMarket] SET COMPATIBILITY_LEVEL = 160
GO
IF (1 = FULLTEXTSERVICEPROPERTY('IsFullTextInstalled'))
begin
EXEC [CPUMarket].[dbo].[sp_fulltext_database] @action = 'enable'
end
GO
ALTER DATABASE [CPUMarket] SET ANSI_NULL_DEFAULT OFF
GO
ALTER DATABASE [CPUMarket] SET ANSI_NULLS OFF
GO
ALTER DATABASE [CPUMarket] SET ANSI_PADDING OFF
GO
ALTER DATABASE [CPUMarket] SET ANSI_WARNINGS OFF
GO
ALTER DATABASE [CPUMarket] SET ARITHABORT OFF
GO
ALTER DATABASE [CPUMarket] SET AUTO_CLOSE OFF
GO
ALTER DATABASE [CPUMarket] SET AUTO_SHRINK OFF
GO
ALTER DATABASE [CPUMarket] SET AUTO_UPDATE_STATISTICS ON
GO
ALTER DATABASE [CPUMarket] SET CURSOR_CLOSE_ON_COMMIT OFF
GO
ALTER DATABASE [CPUMarket] SET CURSOR_DEFAULT  GLOBAL
GO
ALTER DATABASE [CPUMarket] SET CONCAT_NULL_YIELDS_NULL OFF
GO
ALTER DATABASE [CPUMarket] SET NUMERIC_ROUNDABORT OFF
GO
ALTER DATABASE [CPUMarket] SET QUOTED_IDENTIFIER OFF
GO
ALTER DATABASE [CPUMarket] SET RECURSIVE_TRIGGERS OFF
GO
ALTER DATABASE [CPUMarket] SET  DISABLE_BROKER
GO
ALTER DATABASE [CPUMarket] SET AUTO_UPDATE_STATISTICS_ASYNC OFF
GO
ALTER DATABASE [CPUMarket] SET DATE_CORRELATION_OPTIMIZATION OFF
GO
ALTER DATABASE [CPUMarket] SET TRUSTWORTHY OFF
GO
ALTER DATABASE [CPUMarket] SET ALLOW_SNAPSHOT_ISOLATION OFF
GO
ALTER DATABASE [CPUMarket] SET PARAMETERIZATION SIMPLE
GO
ALTER DATABASE [CPUMarket] SET READ_COMMITTED_SNAPSHOT OFF
GO
ALTER DATABASE [CPUMarket] SET HONOR_BROKER_PRIORITY OFF
GO
ALTER DATABASE [CPUMarket] SET RECOVERY SIMPLE
GO
ALTER DATABASE [CPUMarket] SET  MULTI_USER
GO
ALTER DATABASE [CPUMarket] SET PAGE_VERIFY CHECKSUM  
GO
ALTER DATABASE [CPUMarket] SET DB_CHAINING OFF
GO
ALTER DATABASE [CPUMarket] SET FILESTREAM( NON_TRANSACTED_ACCESS = OFF )
GO
ALTER DATABASE [CPUMarket] SET TARGET_RECOVERY_TIME = 60 SECONDS
GO
ALTER DATABASE [CPUMarket] SET DELAYED_DURABILITY = DISABLED
GO
ALTER DATABASE [CPUMarket] SET ACCELERATED_DATABASE_RECOVERY = OFF  
GO
ALTER DATABASE [CPUMarket] SET QUERY_STORE = ON
GO
ALTER DATABASE [CPUMarket] SET QUERY_STORE (OPERATION_MODE = READ_WRITE, CLEANUP_POLICY = (STALE_QUERY_THRESHOLD_DAYS = 30), DATA_FLUSH_INTERVAL_SECONDS = 900, INTERVAL_LENGTH_MINUTES = 60, MAX_STORAGE_SIZE_MB = 1000, QUERY_CAPTURE_MODE = AUTO, SIZE_BASED_CLEANUP_MODE = AUTO, MAX_PLANS_PER_QUERY = 200, WAIT_STATS_CAPTURE_MODE = ON)
GO
USE [CPUMarket]
GO
/****** Object:  Table [dbo].[CPU]    Script Date: 17/10/2024 10:54:27 ******/
SET ANSI_NULLS ON
GO
SET QUOTED_IDENTIFIER ON
GO
CREATE TABLE [dbo].[CPU](
[ID_CPU] [int] IDENTITY(1,1) NOT NULL,
[Nom] [varchar](50) NOT NULL,
[Frequence] [int] NULL,
[ID_Marque] [int] NULL,
[Prix] [money] NOT NULL,
[ID_Modele] [int] NULL,
 CONSTRAINT [PK_CPU] PRIMARY KEY CLUSTERED
(
[ID_CPU] ASC
)WITH (PAD_INDEX = OFF, STATISTICS_NORECOMPUTE = OFF, IGNORE_DUP_KEY = OFF, ALLOW_ROW_LOCKS = ON, ALLOW_PAGE_LOCKS = ON, OPTIMIZE_FOR_SEQUENTIAL_KEY = OFF) ON [PRIMARY]
) ON [PRIMARY]
GO
/****** Object:  Table [dbo].[Marque]    Script Date: 17/10/2024 10:54:27 ******/
SET ANSI_NULLS ON
GO
SET QUOTED_IDENTIFIER ON
GO
CREATE TABLE [dbo].[Marque](
[ID_MARQUE] [int] IDENTITY(1,1) NOT NULL,
[Nom] [varchar](50) NOT NULL,
 CONSTRAINT [PK_Marque] PRIMARY KEY CLUSTERED
(
[ID_MARQUE] ASC
)WITH (PAD_INDEX = OFF, STATISTICS_NORECOMPUTE = OFF, IGNORE_DUP_KEY = OFF, ALLOW_ROW_LOCKS = ON, ALLOW_PAGE_LOCKS = ON, OPTIMIZE_FOR_SEQUENTIAL_KEY = OFF) ON [PRIMARY]
) ON [PRIMARY]
GO
/****** Object:  Table [dbo].[Modele]    Script Date: 17/10/2024 10:54:27 ******/
SET ANSI_NULLS ON
GO
SET QUOTED_IDENTIFIER ON
GO
CREATE TABLE [dbo].[Modele](
[ID_MODELE] [int] IDENTITY(1,1) NOT NULL,
[Nom] [varchar](50) NOT NULL,
 CONSTRAINT [PK_Modele] PRIMARY KEY CLUSTERED
(
[ID_MODELE] ASC
)WITH (PAD_INDEX = OFF, STATISTICS_NORECOMPUTE = OFF, IGNORE_DUP_KEY = OFF, ALLOW_ROW_LOCKS = ON, ALLOW_PAGE_LOCKS = ON, OPTIMIZE_FOR_SEQUENTIAL_KEY = OFF) ON [PRIMARY]
) ON [PRIMARY]
GO
SET IDENTITY_INSERT [dbo].[CPU] ON

INSERT [dbo].[CPU] ([ID_CPU], [Nom], [Frequence], [ID_Marque], [Prix], [ID_Modele]) VALUES (1, N'Intel Core i5 12400F', 4200, 2, 500.0000, 7)
INSERT [dbo].[CPU] ([ID_CPU], [Nom], [Frequence], [ID_Marque], [Prix], [ID_Modele]) VALUES (2, N'NULLAMD Ryzen 5 7600X', 1200, 2, 100.0000, 2)
INSERT [dbo].[CPU] ([ID_CPU], [Nom], [Frequence], [ID_Marque], [Prix], [ID_Modele]) VALUES (4, N'Intel Core i9-14900KF', 3300, NULL, 1000.0000, NULL)
INSERT [dbo].[CPU] ([ID_CPU], [Nom], [Frequence], [ID_Marque], [Prix], [ID_Modele]) VALUES (6, N'AMD Ryzen 7 3700X', NULL, 2, 740.0000, NULL)
INSERT [dbo].[CPU] ([ID_CPU], [Nom], [Frequence], [ID_Marque], [Prix], [ID_Modele]) VALUES (7, N'Intel Core i9-14900F', 1252, 3, 25000.0000, 5)
INSERT [dbo].[CPU] ([ID_CPU], [Nom], [Frequence], [ID_Marque], [Prix], [ID_Modele]) VALUES (8, N'Fox Spirit Lightflow XT240 ARGB', 100, NULL, 150.0000, 2)
INSERT [dbo].[CPU] ([ID_CPU], [Nom], [Frequence], [ID_Marque], [Prix], [ID_Modele]) VALUES (9, N'Intel Core i5 11600K', 1500, 1, 4000.0000, 3)
INSERT [dbo].[CPU] ([ID_CPU], [Nom], [Frequence], [ID_Marque], [Prix], [ID_Modele]) VALUES (10, N'AMD Ryzen 900 7900', 180000, 2, 170000.0000, 7)
SET IDENTITY_INSERT [dbo].[CPU] OFF
GO
SET IDENTITY_INSERT [dbo].[Marque] ON

INSERT [dbo].[Marque] ([ID_MARQUE], [Nom]) VALUES (1, N'Aerocool')
INSERT [dbo].[Marque] ([ID_MARQUE], [Nom]) VALUES (2, N'AMD')
INSERT [dbo].[Marque] ([ID_MARQUE], [Nom]) VALUES (3, N'Antec')
INSERT [dbo].[Marque] ([ID_MARQUE], [Nom]) VALUES (4, N'Apple')
INSERT [dbo].[Marque] ([ID_MARQUE], [Nom]) VALUES (5, N'ASUS')
INSERT [dbo].[Marque] ([ID_MARQUE], [Nom]) VALUES (6, N'Corsair')
INSERT [dbo].[Marque] ([ID_MARQUE], [Nom]) VALUES (7, N'Intel')
SET IDENTITY_INSERT [dbo].[Marque] OFF
GO
SET IDENTITY_INSERT [dbo].[Modele] ON

INSERT [dbo].[Modele] ([ID_MODELE], [Nom]) VALUES (1, N'AMD RYZEN 3')
INSERT [dbo].[Modele] ([ID_MODELE], [Nom]) VALUES (2, N'AMD RYZEN 5')
INSERT [dbo].[Modele] ([ID_MODELE], [Nom]) VALUES (3, N'AMD RYZEN 7')
INSERT [dbo].[Modele] ([ID_MODELE], [Nom]) VALUES (4, N'AMD Ryzen Threadripper')
INSERT [dbo].[Modele] ([ID_MODELE], [Nom]) VALUES (5, N'Intel Celeron')
INSERT [dbo].[Modele] ([ID_MODELE], [Nom]) VALUES (6, N'Intel Core i3')
INSERT [dbo].[Modele] ([ID_MODELE], [Nom]) VALUES (7, N'Intel Core i5')
SET IDENTITY_INSERT [dbo].[Modele] OFF
GO
ALTER TABLE [dbo].[CPU]  WITH CHECK ADD  CONSTRAINT [FK_CPU_Marque] FOREIGN KEY([ID_Marque])
REFERENCES [dbo].[Marque] ([ID_MARQUE])
GO
ALTER TABLE [dbo].[CPU] CHECK CONSTRAINT [FK_CPU_Marque]
GO
ALTER TABLE [dbo].[CPU]  WITH CHECK ADD  CONSTRAINT [FK_CPU_Modele] FOREIGN KEY([ID_Modele])
REFERENCES [dbo].[Modele] ([ID_MODELE])
GO
ALTER TABLE [dbo].[CPU] CHECK CONSTRAINT [FK_CPU_Modele]
GO
USE [master]
GO
ALTER DATABASE [CPUMarket] SET  READ_WRITE
GO
